AgEye Weather Report | 10-day hourly
Fri Mar 20 2020 init 00 UTC
Orono (44.89N 68.69W)
====================================
Year,Month,Day,Hour of Day,Fcst Hour,deg F,deg F,deg F,%,in,in,%,mi/h,mi/h,Degree True,%,hPa,degF,deg F,deg F,Fraction,Fraction,%,W m-2,W m-2,W m-2,W m-2,W m-2,W m-2,W m-2,in/h 
yyyy,mm,dd,hh (EDT),fh,t2,apt2,dpt2,rh2,prcp,aprcp,pop,ws10,gust,wdir,tcld,pres,ts,soilt_2in,soilt_10in,soilw_2in,soilw_10in,solar_pct,dswrf,dlwrf,uswrf,ulwrf,netrad,gflux,pevap,et0 
2020,3,19,20,0,34,28,32,92,,,,6,19,86,,1020,33,31,31,0.373,0.447,,,,,,,,,0.0000
2020,3,19,21,1,38,34,34,81,0.001,0.001,0,6,11,129,98,1019,34,31,31,0.372,0.448,29,0.0,317.7,0.0,320.2,-2.5,-12.9,5.8,0.0008
2020,3,19,22,2,38,33,34,85,0.001,0.001,0,6,11,120,96,1018,34,31,31,0.370,0.448,34,0.0,319.3,0.0,320.8,-1.5,-15.6,2.7,0.0007
2020,3,19,23,3,38,33,34,88,0.001,0.002,0,6,11,118,99,1017,34,31,31,0.369,0.448,27,0.0,321.5,0.0,322.0,-0.5,-17.1,0.0,0.0007
2020,3,20,0,4,38,33,34,88,0.006,0.008,0,6,11,118,99,1015,34,31,31,0.368,0.449,27,0.0,321.6,0.0,322.0,-0.5,-17.5,0.0,0.0007
2020,3,20,1,5,38,33,34,88,0.001,0.009,0,6,12,110,99,1013,35,31,31,0.367,0.449,27,0.0,322.4,0.0,322.5,-0.0,-21.7,0.0,0.0008
2020,3,20,2,6,38,33,36,92,0.001,0.009,0,6,12,100,100,1012,36,31,31,0.365,0.449,25,0.0,326.5,0.0,326.1,0.4,-26.3,0.0,0.0008
2020,3,20,3,7,38,34,36,89,0.001,0.010,0,6,10,100,100,1010,36,32,31,0.364,0.449,25,0.0,330.2,0.0,326.8,3.4,-29.9,0.0,0.0010
2020,3,20,4,8,38,34,36,92,0.001,0.011,0,5,10,108,99,1007,37,32,31,0.363,0.450,26,0.0,331.3,0.0,328.3,3.1,-33.4,0.0,0.0009
2020,3,20,5,9,38,35,36,92,0.005,0.016,0,4,8,118,100,1006,37,32,31,0.362,0.450,25,0.0,333.8,0.0,328.4,5.4,-32.8,0.0,0.0010
2020,3,20,6,10,39,36,37,90,0.004,0.020,0,4,7,125,100,1006,37,32,31,0.361,0.450,25,0.0,334.0,0.0,328.8,5.2,-31.0,0.0,0.0010
2020,3,20,7,11,40,36,38,92,0.007,0.027,8,4,7,135,100,1005,37,32,31,0.359,0.451,25,0.0,334.7,0.0,329.2,5.5,-31.2,0.0,0.0010
2020,3,20,8,12,40,38,38,92,0.004,0.030,0,4,7,160,98,1004,38,32,31,0.359,0.451,29,8.9,337.4,0.0,331.5,14.8,-37.0,0.0,0.0013
2020,3,20,9,13,41,37,39,92,0.000,0.030,0,5,9,169,98,1003,40,33,31,0.357,0.451,29,30.5,336.2,3.5,334.5,28.7,-44.8,0.0,0.0018
2020,3,20,10,14,43,40,40,86,0.000,0.030,0,6,12,180,98,1002,45,33,31,0.355,0.451,29,194.2,335.6,21.9,347.0,160.9,-77.4,85.7,0.0057
2020,3,20,11,15,45,40,42,90,0.000,0.030,0,7,13,190,98,1001,47,34,31,0.352,0.451,29,201.9,340.1,23.9,353.4,164.7,-89.1,112.5,0.0060
2020,3,20,12,16,47,47,43,83,0.000,0.030,0,9,16,200,97,999,45,34,31,0.350,0.451,32,97.7,345.3,8.7,351.0,83.3,-75.2,51.8,0.0044
2020,3,20,13,17,49,49,43,82,0.000,0.030,0,10,17,190,98,998,52,35,31,0.346,0.451,29,412.6,334.9,47.6,364.1,335.7,-111.6,197.1,0.0115
2020,3,20,14,18,49,49,45,85,0.000,0.030,0,10,17,190,98,997,50,36,31,0.343,0.451,29,238.1,358.1,26.8,364.8,204.6,-102.7,120.6,0.0081
2020,3,20,15,19,50,50,45,85,0.000,0.030,0,10,17,190,98,995,50,37,31,0.339,0.451,29,200.2,357.5,22.2,366.1,169.3,-98.8,91.9,0.0073
2020,3,20,16,20,52,52,47,81,0.000,0.030,0,11,19,200,98,994,50,37,31,0.336,0.451,29,125.4,358.9,13.7,365.7,104.9,-89.2,60.3,0.0058
2020,3,20,17,21,53,53,47,82,0.008,0.038,0,11,19,200,98,991,50,38,31,0.334,0.451,29,50.0,362.5,6.1,363.7,42.7,-82.6,21.2,0.0041
2020,3,20,18,22,53,53,48,82,0.002,0.040,0,11,18,200,95,990,52,39,31,0.331,0.451,35,45.2,361.9,4.8,369.1,33.3,-90.6,11.8,0.0040
2020,3,20,19,23,52,52,49,86,0.002,0.043,5,10,18,210,93,989,53,40,31,0.328,0.451,41,11.1,365.5,0.5,372.3,3.9,-94.7,13.5,0.0032
2020,3,20,20,24,52,52,50,92,0.014,0.057,60,10,17,210,86,990,55,40,31,0.327,0.451,53,0.9,374.6,0.6,377.9,-3.0,-99.2,35.7,0.0028
2020,3,20,21,25,52,52,49,90,0.004,0.061,0,11,20,220,83,990,54,41,31,0.324,0.451,58,0.0,331.8,0.0,377.0,-45.2,-92.0,8.2,0.0017
2020,3,20,22,26,52,52,49,92,0.001,0.061,0,12,22,230,81,992,51,42,31,0.320,0.451,63,0.0,323.2,0.0,371.7,-48.5,-73.3,66.8,0.0010
2020,3,20,23,27,52,52,49,89,0.000,0.061,0,13,25,240,78,993,48,42,31,0.317,0.451,66,0.0,337.1,0.0,362.6,-25.5,-46.9,49.3,0.0010
2020,3,21,0,28,49,49,46,90,0.000,0.061,0,13,25,250,76,993,44,42,31,0.315,0.451,70,0.0,291.2,0.0,349.7,-58.6,-19.9,32.8,0.0000
2020,3,21,1,29,47,47,43,89,0.000,0.061,0,14,25,270,73,994,42,42,31,0.312,0.451,73,0.0,281.4,0.0,342.8,-61.4,-3.2,28.3,0.0000
2020,3,21,2,30,43,36,41,90,0.000,0.061,0,14,25,280,71,996,41,41,31,0.310,0.451,76,0.0,272.2,0.0,338.1,-66.0,4.0,56.0,0.0000
2020,3,21,3,31,41,34,37,83,0.000,0.061,0,14,24,280,64,998,38,41,31,0.308,0.451,82,0.0,261.9,0.0,333.2,-71.4,15.3,125.6,0.0000
2020,3,21,4,32,38,30,34,82,0.000,0.061,0,14,24,290,58,1001,33,40,31,0.306,0.451,88,0.0,242.4,0.0,322.3,-79.9,38.4,151.5,0.0000
2020,3,21,5,33,36,26,29,78,0.000,0.061,0,14,23,295,52,1003,28,40,31,0.304,0.451,91,0.0,222.1,0.0,307.5,-85.4,64.1,122.3,0.0000
2020,3,21,6,34,34,24,27,74,0.000,0.061,0,14,23,300,45,1005,26,40,31,0.303,0.451,94,0.0,212.0,0.0,300.4,-88.5,76.2,117.4,0.0000
2020,3,21,7,35,31,20,22,71,0.000,0.061,0,13,23,305,39,1007,24,40,31,0.302,0.451,96,0.0,205.6,0.0,295.1,-89.5,89.3,135.1,0.0000
2020,3,21,8,36,31,22,20,60,0.000,0.061,0,13,23,310,33,1009,26,40,31,0.301,0.451,98,120.0,200.4,24.0,295.4,1.0,89.5,188.6,0.0000
2020,3,21,9,37,26,14,10,52,0.000,0.061,0,14,26,310,0,1011,29,39,31,0.300,0.451,100,330.0,191.3,50.7,301.2,169.4,74.0,268.1,0.0000
2020,3,21,10,38,27,16,9,46,0.000,0.061,0,14,23,310,0,1012,32,38,31,0.300,0.450,100,510.0,189.3,69.2,308.7,321.4,49.7,340.2,0.0000
2020,3,21,11,39,29,18,9,42,0.000,0.061,0,14,23,309,0,1013,36,38,31,0.298,0.450,100,660.0,192.5,81.6,316.3,454.6,25.0,403.3,0.0000
2020,3,21,12,40,31,19,9,39,0.000,0.061,0,14,23,307,0,1014,38,38,31,0.297,0.450,100,770.4,195.0,86.1,324.8,554.6,4.9,451.1,0.0000
2020,3,21,13,41,32,21,9,37,0.000,0.061,0,14,24,307,0,1014,40,38,31,0.296,0.450,100,795.8,200.6,90.5,328.9,577.0,-8.1,481.8,0.0115
2020,3,21,14,42,33,21,9,36,0.000,0.061,0,15,25,305,0,1015,40,38,31,0.294,0.450,100,781.2,199.8,87.6,334.6,558.7,-12.8,487.4,0.0115
2020,3,21,15,43,33,21,9,36,0.000,0.061,0,15,26,308,0,1015,38,38,31,0.293,0.450,100,704.8,201.7,82.6,330.4,493.5,-7.8,454.1,0.0102
2020,3,21,16,44,31,20,9,37,0.000,0.061,0,14,26,311,17,1015,36,37,31,0.292,0.450,99,560.0,203.6,72.2,324.4,367.0,4.8,390.3,0.0000
2020,3,21,17,45,30,18,8,39,0.000,0.061,0,14,25,315,11,1016,32,37,31,0.291,0.450,99,392.4,201.2,56.5,316.9,220.2,21.5,310.6,0.0000
2020,3,21,18,46,27,16,8,43,0.000,0.061,0,13,24,317,6,1017,28,36,31,0.291,0.449,99,213.1,197.2,34.4,307.3,68.6,44.5,219.8,0.0000
2020,3,21,19,47,24,14,8,49,0.000,0.061,0,10,24,318,38,1018,23,36,31,0.291,0.449,97,23.2,198.6,5.1,296.2,-79.4,72.5,137.3,0.0000
2020,3,21,20,48,23,13,7,51,0.000,0.061,0,10,24,319,41,1020,22,36,31,0.291,0.449,96,-2.1,199.1,-0.6,288.8,-91.2,87.3,129.2,0.0000
2020,3,21,21,49,21,11,6,51,0.000,0.061,0,11,23,323,56,1021,21,36,31,0.291,0.449,89,0.0,197.1,0.0,287.3,-90.3,94.3,130.2,0.0000
2020,3,21,22,50,21,10,5,52,0.000,0.061,0,11,22,325,65,1022,21,36,31,0.291,0.448,82,0.0,200.0,0.0,285.6,-85.6,101.9,126.8,0.0000
2020,3,21,23,51,19,9,5,53,0.000,0.061,0,11,21,324,38,1022,20,36,31,0.291,0.448,97,0.0,189.3,0.0,282.7,-93.4,111.1,118.3,0.0000
2020,3,22,0,52,18,8,4,53,0.000,0.061,0,10,20,324,4,1023,19,36,31,0.292,0.448,99,0.0,182.3,0.0,281.2,-98.9,119.6,112.6,0.0000
2020,3,22,1,53,18,8,3,52,0.000,0.061,0,10,19,324,0,1023,18,35,31,0.292,0.447,100,0.0,179.6,0.0,276.9,-97.3,122.5,108.3,0.0000
2020,3,22,2,54,17,7,2,52,0.000,0.061,0,9,18,324,0,1024,17,34,31,0.293,0.447,100,0.0,177.5,0.0,276.7,-99.2,120.2,103.0,0.0000
2020,3,22,3,55,16,7,1,51,0.000,0.061,0,9,17,321,0,1024,17,33,31,0.294,0.447,100,0.0,177.1,0.0,275.2,-98.2,117.1,99.8,0.0000
2020,3,22,4,56,16,6,0,51,0.000,0.061,0,9,17,320,0,1025,16,31,31,0.295,0.446,100,0.0,175.1,0.0,273.7,-98.7,114.3,97.3,0.0000
2020,3,22,5,57,15,5,0,51,0.000,0.061,0,9,17,320,0,1025,15,31,31,0.296,0.446,100,0.0,173.7,0.0,271.5,-97.8,113.2,91.6,0.0000
2020,3,22,6,58,15,5,0,51,0.000,0.061,0,9,17,319,0,1026,15,30,31,0.296,0.445,100,0.0,173.3,0.0,271.5,-98.1,112.3,87.9,0.0000
2020,3,22,7,59,14,5,-1,51,0.000,0.061,0,9,17,321,0,1027,15,28,31,0.297,0.445,100,0.0,172.2,0.0,270.5,-98.3,109.8,93.2,0.0000
2020,3,22,8,60,16,6,-1,46,0.000,0.061,0,9,17,325,0,1027,18,27,31,0.298,0.445,100,120.0,168.3,24.0,272.5,-8.2,86.0,137.1,0.0000
2020,3,22,9,61,18,8,-2,41,0.000,0.061,0,9,16,327,0,1028,22,27,31,0.299,0.445,100,334.8,172.0,51.7,282.6,172.5,49.1,195.5,0.0000
2020,3,22,10,62,20,11,-2,35,0.000,0.061,0,9,15,329,0,1028,27,27,31,0.299,0.444,100,525.2,174.5,69.7,293.8,336.2,12.9,259.2,0.0000
2020,3,22,11,63,23,13,-2,31,0.000,0.061,0,8,15,331,0,1028,31,27,31,0.300,0.444,100,670.0,177.7,80.1,303.2,464.4,-19.4,318.2,0.0000
2020,3,22,12,64,25,16,-2,28,0.000,0.061,0,8,13,328,0,1028,34,27,31,0.301,0.443,100,769.3,178.7,88.1,313.2,546.7,-46.7,364.3,0.0000
2020,3,22,13,65,27,19,-1,26,0.000,0.061,0,8,13,327,0,1028,37,27,31,0.301,0.443,100,815.7,184.4,91.2,320.6,588.4,-65.0,397.0,0.0000
2020,3,22,14,66,29,20,0,26,0.000,0.061,0,8,13,328,0,1028,38,27,31,0.301,0.442,100,791.0,187.8,89.6,322.7,566.6,-73.0,405.9,0.0000
2020,3,22,15,67,30,22,0,26,0.000,0.061,0,8,12,328,0,1028,37,28,31,0.301,0.442,100,714.8,191.2,83.9,325.5,496.6,-70.4,383.0,0.0000
2020,3,22,16,68,31,22,1,27,0.000,0.061,0,8,12,327,0,1028,36,28,31,0.302,0.442,100,579.6,193.7,74.4,322.4,376.5,-58.5,330.8,0.0000
2020,3,22,17,69,30,22,2,29,0.000,0.061,0,7,11,326,0,1028,33,29,31,0.302,0.442,100,407.2,195.4,58.1,318.1,226.4,-38.0,252.1,0.0000
2020,3,22,18,70,29,21,4,33,0.000,0.061,0,5,10,325,0,1029,29,29,31,0.302,0.442,100,218.3,193.4,35.3,309.8,66.7,-9.2,139.2,0.0000
2020,3,22,19,71,24,18,5,44,0.000,0.061,0,3,4,313,0,1029,22,29,31,0.303,0.441,100,30.6,193.4,6.7,292.7,-75.5,35.6,36.5,0.0000
2020,3,22,20,72,22,16,5,48,0.000,0.061,0,2,3,315,0,1030,20,29,31,0.303,0.441,100,-1.2,190.7,2.3,283.5,-96.4,61.4,29.2,0.0000
2020,3,22,21,73,21,16,6,50,0.000,0.061,0,2,3,331,0,1030,20,29,31,0.304,0.440,100,0.0,189.0,0.0,282.9,-93.8,66.8,24.4,0.0000
2020,3,22,22,74,21,16,6,51,0.000,0.061,0,1,2,355,0,1031,19,29,31,0.305,0.440,100,0.0,188.0,0.0,281.8,-93.8,71.6,19.2,0.0000
2020,3,22,23,75,21,15,6,52,0.000,0.061,0,1,1,36,0,1031,19,29,31,0.306,0.440,100,0.0,188.5,0.0,280.9,-92.4,74.8,17.3,0.0000
2020,3,23,0,76,20,15,5,53,0.000,0.061,0,1,1,120,0,1031,19,28,31,0.307,0.439,100,0.0,185.6,0.0,279.8,-94.2,75.3,17.4,0.0000
2020,3,23,1,77,20,14,5,53,0.000,0.061,0,1,2,115,0,1030,18,28,31,0.307,0.439,100,0.0,186.5,0.0,280.6,-94.2,74.2,19.7,0.0000
2020,3,23,2,78,19,14,5,53,0.000,0.061,0,2,3,108,0,1030,18,27,31,0.308,0.439,100,0.0,187.5,0.0,276.8,-89.2,72.0,23.4,0.0000
2020,3,23,3,79,19,13,4,53,0.000,0.061,0,2,3,144,0,1030,18,26,31,0.309,0.439,100,0.0,185.5,0.0,277.1,-91.6,71.1,22.7,0.0000
2020,3,23,4,80,19,12,4,54,0.000,0.061,0,3,4,142,0,1030,17,26,31,0.310,0.438,100,0.0,185.9,0.0,276.9,-91.0,69.4,25.7,0.0000
2020,3,23,5,81,18,12,4,54,0.000,0.061,0,3,4,138,69,1029,17,25,31,0.311,0.438,78,0.0,187.1,0.0,276.5,-89.3,65.7,28.3,0.0000
2020,3,23,6,82,18,12,5,55,0.000,0.061,0,3,5,136,90,1029,17,25,31,0.312,0.438,46,0.0,190.2,0.0,275.6,-85.5,62.8,28.9,0.0000
2020,3,23,7,83,19,13,6,56,0.000,0.061,0,3,7,143,47,1029,18,24,31,0.313,0.437,94,10.0,192.2,0.0,278.7,-76.6,57.6,33.1,0.0000
2020,3,23,8,84,24,18,7,48,0.000,0.061,0,4,12,154,42,1029,26,24,31,0.314,0.437,96,129.7,200.2,24.0,287.4,18.4,13.7,114.6,0.0000
2020,3,23,9,85,29,21,9,42,0.000,0.061,0,8,16,171,100,1028,31,24,31,0.314,0.437,25,226.7,230.4,29.1,304.0,124.0,-34.9,200.9,0.0000
2020,3,23,10,86,32,24,10,38,0.000,0.061,0,9,17,175,100,1028,36,24,31,0.315,0.436,25,358.2,238.8,44.2,317.5,235.2,-73.6,278.5,0.0069
2020,3,23,11,87,35,25,12,38,0.000,0.061,0,10,19,184,100,1027,39,25,31,0.315,0.436,25,459.6,254.7,55.0,327.8,331.4,-97.2,342.0,0.0094
2020,3,23,12,88,35,26,14,41,0.000,0.061,0,11,19,183,100,1026,39,26,31,0.315,0.436,25,408.1,283.4,45.9,330.7,315.0,-95.2,331.6,0.0091
2020,3,23,13,89,35,25,17,46,0.001,0.062,0,12,20,185,100,1025,39,27,31,0.316,0.436,25,435.8,286.8,49.5,334.0,339.2,-92.4,322.4,0.0093
2020,3,23,14,90,34,24,20,55,0.002,0.064,0,12,21,178,100,1023,37,28,31,0.317,0.436,25,346.0,293.4,38.7,328.4,272.2,-72.3,256.8,0.0073
2020,3,23,15,91,33,23,21,58,0.001,0.065,0,12,22,176,100,1022,35,28,31,0.317,0.435,25,260.7,294.7,29.0,324.8,201.6,-56.0,217.6,0.0056
2020,3,23,16,92,32,22,25,76,0.004,0.069,0,12,22,171,100,1021,34,29,31,0.317,0.435,25,260.7,293.6,30.0,323.8,200.6,-49.3,142.0,0.0048
2020,3,23,17,93,32,22,26,79,0.006,0.075,0,12,23,169,100,1020,33,29,31,0.318,0.435,25,171.3,297.0,19.9,319.8,128.6,-32.3,109.4,0.0032
2020,3,23,18,94,30,21,28,92,0.021,0.096,76,10,23,171,100,1019,30,29,31,0.318,0.435,25,59.8,298.3,6.2,312.8,39.2,-12.7,31.4,0.0000
2020,3,23,19,95,30,22,29,94,0.021,0.117,76,10,24,164,100,1018,30,29,31,0.318,0.435,25,18.5,302.2,1.3,312.6,6.9,-3.2,14.8,0.0000
2020,3,23,20,96,31,23,30,96,0.020,0.137,76,9,25,158,100,1017,31,29,31,0.319,0.434,25,0.8,303.2,2.5,311.2,-9.8,-3.9,10.4,0.0000
2020,3,23,21,97,32,24,31,98,0.033,0.170,75,9,25,167,100,1017,31,30,31,0.320,0.434,25,0.0,307.7,0.0,313.4,-5.8,-7.2,3.7,0.0001
2020,3,23,22,98,32,24,32,97,0.036,0.206,75,10,26,165,100,1016,32,30,31,0.321,0.434,25,0.0,313.1,0.0,316.0,-2.9,-9.4,6.8,0.0002
2020,3,23,23,99,34,26,33,97,0.015,0.220,53,10,25,159,100,1014,33,30,31,0.324,0.434,25,0.0,317.9,0.0,317.7,0.2,-13.7,7.6,0.0003
2020,3,24,0,100,35,29,35,97,0.007,0.227,8,8,24,162,100,1012,35,30,31,0.325,0.434,25,0.0,320.1,0.0,320.7,-0.6,-20.3,1.4,0.0004
2020,3,24,1,101,36,31,35,97,0.002,0.230,0,5,22,167,100,1011,35,30,31,0.326,0.433,25,0.0,325.7,0.0,324.4,1.4,-25.8,0.0,0.0006
2020,3,24,2,102,36,31,35,98,0.010,0.239,7,3,16,168,100,1011,35,30,31,0.328,0.433,25,0.0,326.1,0.0,324.4,1.7,-24.8,0.0,0.0005
2020,3,24,3,103,36,31,36,98,0.021,0.260,74,5,15,150,100,1010,35,30,31,0.331,0.433,25,0.0,325.7,0.0,324.5,1.2,-24.5,0.0,0.0005
2020,3,24,4,104,36,32,36,98,0.010,0.270,7,4,13,150,100,1009,35,30,31,0.334,0.433,25,0.0,325.8,0.0,324.9,0.8,-25.6,0.0,0.0005
2020,3,24,5,105,36,32,36,98,0.008,0.278,7,3,7,149,100,1009,35,30,31,0.336,0.433,25,0.0,325.7,0.0,324.0,1.7,-23.5,0.0,0.0005
2020,3,24,6,106,36,32,36,98,0.012,0.290,29,3,6,138,100,1009,35,30,31,0.339,0.433,25,0.0,326.0,0.0,324.4,1.7,-23.1,0.0,0.0005
2020,3,24,7,107,36,32,36,98,0.012,0.302,28,2,3,134,100,1009,35,31,31,0.341,0.433,25,0.0,326.8,0.0,323.5,3.3,-22.3,0.0,0.0005
2020,3,24,8,108,36,34,36,98,0.010,0.312,28,0,1,70,100,1009,35,31,31,0.343,0.433,25,12.0,324.4,0.0,324.0,12.5,-23.2,0.0,0.0007
2020,3,24,9,109,37,34,37,98,0.011,0.322,17,2,3,352,100,1009,37,31,31,0.346,0.433,25,35.2,326.3,4.0,327.4,30.0,-28.7,2.3,0.0011
2020,3,24,10,110,37,32,37,98,0.008,0.330,0,5,10,354,100,1009,37,31,31,0.348,0.433,25,45.2,326.8,6.0,329.2,36.7,-31.9,10.6,0.0013
2020,3,24,11,111,37,31,36,95,0.006,0.336,0,7,17,359,100,1009,37,31,31,0.349,0.433,25,47.4,326.4,7.9,329.0,37.0,-33.6,26.2,0.0015
2020,3,24,12,112,38,32,36,91,0.001,0.337,0,7,17,8,100,1010,39,31,31,0.350,0.433,25,132.6,325.5,15.9,333.4,108.8,-39.9,65.6,0.0031
2020,3,24,13,113,41,35,37,84,0.000,0.337,0,7,14,13,89,1010,44,31,31,0.350,0.433,48,331.8,318.6,47.4,341.1,261.9,-65.4,169.8,0.0072
2020,3,24,14,114,44,39,38,77,0.000,0.337,0,7,12,3,50,1009,49,31,31,0.350,0.433,92,675.0,273.2,95.0,357.4,495.8,-97.3,300.6,0.0140
2020,3,24,15,115,45,39,38,75,0.000,0.337,0,8,12,357,65,1009,48,31,31,0.350,0.433,82,584.8,285.1,81.3,358.2,430.4,-96.7,273.2,0.0128
2020,3,24,16,116,43,37,37,77,0.002,0.339,0,8,12,352,98,1009,44,31,31,0.349,0.433,29,244.2,328.7,33.6,349.6,189.7,-71.7,150.9,0.0065
2020,3,24,17,117,42,37,36,79,0.001,0.340,0,6,14,347,97,1009,41,31,31,0.349,0.433,30,146.6,323.1,19.6,342.0,108.1,-56.4,79.2,0.0042
2020,3,24,18,118,40,35,35,83,0.000,0.340,0,5,16,354,100,1009,38,31,31,0.348,0.434,20,62.4,322.1,8.1,335.1,41.2,-44.1,35.3,0.0023
2020,3,24,19,119,37,33,34,86,0.000,0.340,0,5,17,10,93,1010,35,31,31,0.348,0.434,39,15.3,310.2,3.6,328.3,-6.4,-28.1,17.6,0.0009
2020,3,24,20,120,35,30,32,87,0.000,0.340,0,5,18,26,73,1010,34,31,31,0.347,0.434,73,0.5,290.4,-1.9,320.0,-27.2,-14.7,14.2,0.0002
2020,3,24,21,121,33,28,30,89,0.000,0.340,0,5,15,20,52,1011,31,31,31,0.346,0.434,91,0.4,270.7,-1.2,315.3,-43.0,-5.2,8.7,0.0000
2020,3,24,22,122,31,25,28,90,0.000,0.340,0,4,12,15,30,1011,29,31,31,0.345,0.435,98,0.2,251.1,-0.6,310.7,-58.8,4.4,3.3,0.0000
2020,3,24,23,123,28,23,26,92,0.000,0.340,0,4,9,10,9,1012,27,31,31,0.344,0.435,99,0.0,231.4,0.0,306.0,-74.6,14.0,0.0,0.0000
2020,3,25,0,124,28,22,26,93,0.000,0.340,0,4,7,121,6,1012,26,31,31,0.344,0.435,99,0.0,227.5,0.0,303.0,-75.5,21.4,0.0,0.0000
2020,3,25,1,125,27,21,25,94,0.000,0.340,0,4,6,233,2,1012,25,31,31,0.343,0.435,99,0.0,223.6,0.0,300.0,-76.3,28.8,0.0,0.0000
2020,3,25,2,126,26,20,24,95,0.000,0.340,0,3,4,344,0,1012,24,31,31,0.343,0.435,100,0.0,219.8,0.0,296.9,-77.2,36.2,0.0,0.0000
2020,3,25,3,127,25,20,24,95,0.000,0.340,0,3,4,230,0,1012,24,31,31,0.343,0.436,100,0.0,218.1,0.0,295.5,-77.4,39.2,0.0,0.0000
2020,3,25,4,128,25,20,24,96,0.000,0.340,0,3,4,115,0,1012,24,31,31,0.342,0.436,100,0.0,216.4,0.0,294.0,-77.6,42.2,0.0,0.0000
2020,3,25,5,129,25,19,24,96,0.000,0.340,0,3,4,1,0,1013,23,31,31,0.342,0.436,100,0.0,214.7,0.0,292.5,-77.9,45.2,0.0,0.0000
2020,3,25,6,130,26,21,24,92,0.000,0.340,0,3,6,10,0,1013,26,31,31,0.342,0.436,100,17.7,214.2,3.3,293.5,-65.0,42.6,19.3,0.0000
2020,3,25,7,131,28,23,25,88,0.000,0.340,0,3,7,19,0,1013,29,31,31,0.342,0.436,99,35.4,213.7,6.7,294.5,-52.1,39.9,42.5,0.0000
2020,3,25,8,132,30,25,26,85,0.000,0.340,0,4,9,27,1,1013,31,31,31,0.342,0.436,99,53.1,213.2,10.0,295.5,-39.2,37.3,65.7,0.0000
2020,3,25,9,133,34,28,27,76,0.000,0.340,0,4,8,30,18,1013,36,31,31,0.342,0.436,99,205.4,216.7,31.6,308.1,82.4,7.7,159.7,0.0020
2020,3,25,10,134,38,32,27,67,0.000,0.340,0,4,8,32,34,1013,41,31,31,0.341,0.436,97,357.7,220.2,53.1,320.8,204.0,-21.9,253.7,0.0053
2020,3,25,11,135,41,36,28,58,0.000,0.340,0,4,7,35,51,1013,47,31,31,0.341,0.436,92,510.0,223.7,74.7,333.4,325.6,-51.5,347.7,0.0092
2020,3,25,12,136,43,38,28,55,0.000,0.340,0,4,6,36,66,1013,48,31,31,0.340,0.436,81,572.3,232.3,80.2,342.3,382.1,-69.4,346.2,0.0113
2020,3,25,13,137,44,40,28,52,0.000,0.340,0,3,5,38,82,1012,49,31,31,0.339,0.436,61,634.6,240.8,85.7,351.1,438.6,-87.3,344.6,0.0134
2020,3,25,14,138,46,42,28,49,0.000,0.340,0,3,4,40,97,1012,51,31,31,0.338,0.436,31,696.9,249.3,91.1,360.0,495.1,-105.3,343.1,0.0157
2020,3,25,15,139,45,41,29,52,0.000,0.340,0,3,5,37,98,1012,49,31,31,0.336,0.436,29,614.7,253.5,81.1,358.5,428.6,-100.3,272.3,0.0138
2020,3,25,16,140,45,41,30,56,0.000,0.340,0,3,5,34,98,1011,46,31,31,0.334,0.437,27,532.4,257.6,71.0,357.1,362.0,-95.3,201.4,0.0118
2020,3,25,17,141,44,40,31,60,0.000,0.340,0,3,6,31,99,1011,44,32,31,0.332,0.437,25,450.2,261.7,60.9,355.6,295.4,-90.3,130.5,0.0100
2020,3,25,18,142,40,36,30,68,0.000,0.340,0,3,5,46,99,1011,39,32,31,0.330,0.437,25,320.6,258.7,43.8,344.6,191.0,-66.4,87.8,0.0063
2020,3,25,19,143,36,32,30,76,0.000,0.340,0,2,4,62,99,1012,35,32,31,0.329,0.438,26,191.1,255.8,26.6,333.6,86.7,-42.5,45.2,0.0031
2020,3,25,20,144,33,29,29,85,0.000,0.340,0,2,3,77,99,1012,30,32,31,0.327,0.439,26,61.6,252.8,9.5,322.6,-17.7,-18.6,2.6,0.0004
2020,3,25,21,145,32,28,28,87,0.000,0.340,0,2,3,70,99,1013,29,32,31,0.325,0.439,26,41.0,251.6,6.3,317.1,-30.7,-6.9,1.5,0.0000
2020,3,25,22,146,31,27,28,88,0.000,0.340,0,2,3,63,99,1013,29,32,31,0.324,0.439,25,20.5,250.4,3.2,311.5,-43.8,4.7,0.4,0.0000
2020,3,25,23,147,30,26,28,90,0.000,0.340,0,2,3,55,100,1013,28,32,31,0.322,0.440,25,0.0,249.1,0.0,306.0,-56.9,16.4,0.0,0.0000
2020,3,26,0,148,30,25,27,90,0.000,0.340,0,2,4,50,99,1013,28,32,31,0.322,0.440,25,0.0,249.5,0.0,305.5,-56.0,17.6,0.9,0.0000
2020,3,26,1,149,30,25,27,90,0.000,0.340,0,3,6,45,99,1013,28,32,31,0.321,0.440,25,0.0,249.8,0.0,305.0,-55.2,18.8,2.5,0.0000
2020,3,26,2,150,29,24,27,90,0.000,0.340,0,3,7,40,99,1013,28,32,31,0.320,0.440,26,0.0,250.2,0.0,304.5,-54.3,20.0,4.1,0.0000
2020,3,26,3,151,29,24,27,90,0.000,0.340,0,4,8,37,99,1014,28,32,31,0.319,0.440,25,0.0,253.0,0.0,304.3,-51.3,20.5,7.1,0.0000
2020,3,26,4,152,29,24,27,90,0.000,0.340,0,4,9,34,99,1014,28,32,31,0.319,0.441,25,0.0,255.9,0.0,304.1,-48.3,20.9,10.1,0.0000
2020,3,26,5,153,29,24,27,90,0.000,0.340,0,4,10,30,100,1014,28,32,31,0.318,0.441,25,0.0,258.7,0.0,303.9,-45.2,21.4,13.0,0.0000
2020,3,26,6,154,30,24,26,86,0.000,0.340,0,4,11,41,100,1014,30,32,31,0.318,0.441,25,12.1,257.3,1.8,304.4,-36.8,20.1,31.4,0.0000
2020,3,26,7,155,31,25,26,83,0.000,0.340,0,4,11,52,100,1014,31,32,31,0.317,0.441,25,24.3,255.9,3.6,304.9,-28.3,18.8,49.7,0.0000
2020,3,26,8,156,32,26,26,79,0.000,0.340,0,4,11,63,100,1014,32,32,31,0.317,0.441,25,36.4,254.5,5.4,305.4,-19.9,17.5,68.1,0.0000
2020,3,26,9,157,36,31,28,74,0.000,0.340,0,4,10,68,80,1014,38,32,31,0.316,0.441,63,180.9,250.6,24.6,316.6,90.4,-7.0,155.1,0.0026
2020,3,26,10,158,40,35,30,68,0.000,0.340,0,4,8,73,61,1014,44,32,31,0.315,0.441,85,325.4,246.7,43.7,327.7,200.6,-31.6,242.2,0.0057
2020,3,26,11,159,44,40,33,62,0.000,0.340,0,4,7,78,42,1015,50,32,31,0.314,0.441,95,469.8,242.7,62.9,338.9,310.8,-56.1,329.2,0.0095
2020,3,26,12,160,45,41,33,61,0.000,0.340,0,4,6,81,47,1014,51,32,31,0.312,0.441,94,522.8,257.5,67.1,348.6,364.5,-73.9,307.5,0.0114
2020,3,26,13,161,47,43,34,60,0.000,0.340,0,3,5,84,51,1014,51,33,31,0.310,0.441,92,575.7,272.2,71.4,358.3,418.2,-91.7,285.7,0.0133
2020,3,26,14,162,48,44,34,59,0.000,0.340,0,3,5,87,56,1014,51,34,31,0.308,0.441,89,628.7,286.9,75.7,368.0,471.9,-109.5,263.9,0.0153
2020,3,26,15,163,47,44,35,61,0.000,0.340,0,3,4,171,67,1013,50,35,31,0.307,0.441,80,518.5,296.8,63.0,365.8,386.5,-101.0,218.5,0.0130
2020,3,26,16,164,47,44,35,62,0.000,0.340,0,2,4,255,79,1013,49,35,31,0.306,0.442,65,408.2,306.7,50.3,363.5,301.1,-92.5,173.0,0.0107
2020,3,26,17,165,47,44,35,64,0.000,0.340,0,2,3,338,91,1012,48,36,31,0.304,0.442,45,297.9,316.7,37.6,361.3,215.7,-84.0,127.6,0.0084
2020,3,26,18,166,43,40,34,71,0.000,0.340,0,2,4,253,68,1012,43,36,31,0.303,0.442,79,222.1,297.5,28.7,351.7,139.3,-59.8,84.9,0.0053
2020,3,26,19,167,39,36,33,79,0.000,0.340,0,2,4,168,46,1012,38,36,31,0.302,0.443,94,146.4,278.3,19.7,342.1,62.8,-35.6,42.3,0.0026
2020,3,26,20,168,36,32,32,87,0.000,0.340,0,2,4,83,23,1012,33,36,31,0.301,0.443,99,70.6,259.1,10.8,332.5,-13.6,-11.4,0.0,0.0003
2020,3,26,21,169,35,31,31,88,0.000,0.340,0,2,4,83,33,1012,32,36,31,0.300,0.443,98,47.0,253.7,7.2,325.5,-32.0,1.8,0.5,0.0000
2020,3,26,22,170,33,29,31,89,0.000,0.340,0,3,4,83,43,1012,31,36,31,0.299,0.443,95,23.5,248.2,3.6,318.5,-50.4,14.9,1.3,0.0000
2020,3,26,23,171,32,28,30,89,0.000,0.340,0,3,4,83,53,1012,30,35,31,0.298,0.443,91,0.0,242.8,0.0,311.6,-68.8,28.1,2.2,0.0000
2020,3,27,0,172,32,27,29,90,0.000,0.340,0,3,4,92,66,1012,30,35,31,0.298,0.443,80,0.0,243.3,0.0,310.2,-66.9,28.6,2.4,0.0000
2020,3,27,1,173,31,27,29,90,0.000,0.340,0,3,4,101,80,1011,29,35,31,0.297,0.443,63,0.0,243.8,0.0,308.9,-65.1,29.1,2.6,0.0000
2020,3,27,2,174,31,26,28,90,0.000,0.340,0,2,4,110,94,1010,29,35,31,0.296,0.443,37,0.0,244.4,0.0,307.6,-63.2,29.6,2.8,0.0000
2020,3,27,3,175,30,25,28,91,0.000,0.340,0,3,4,116,70,1010,29,35,31,0.296,0.443,77,0.0,241.3,0.0,306.4,-65.1,32.4,2.7,0.0000
2020,3,27,4,176,30,25,28,92,0.000,0.340,0,3,5,122,46,1009,28,35,31,0.296,0.443,94,0.0,238.2,0.0,305.1,-66.9,35.1,2.6,0.0000
2020,3,27,5,177,29,24,27,92,0.000,0.340,0,4,5,129,21,1008,28,35,31,0.296,0.443,99,0.0,235.1,0.0,303.8,-68.8,37.8,2.6,0.0000
2020,3,27,6,178,31,26,28,89,0.000,0.340,0,4,6,141,45,1008,30,35,31,0.296,0.443,94,9.7,243.0,1.3,305.4,-54.1,34.2,22.3,0.0000
2020,3,27,7,179,32,27,29,87,0.000,0.340,0,4,8,153,68,1007,33,35,31,0.296,0.443,79,19.4,250.8,2.7,307.0,-39.5,30.6,42.1,0.0000
2020,3,27,8,180,34,29,30,84,0.000,0.340,0,4,9,165,92,1007,35,35,31,0.295,0.443,42,29.1,258.7,4.0,308.6,-24.8,27.0,61.9,0.0000
2020,3,27,9,181,37,31,32,80,0.000,0.340,0,6,14,172,92,1006,39,35,31,0.295,0.443,43,131.8,269.0,16.5,319.7,64.5,4.5,129.7,0.0018
2020,3,27,10,182,41,34,34,75,0.000,0.340,0,9,19,180,92,1004,43,35,31,0.295,0.443,43,234.5,279.2,29.1,330.8,153.8,-17.9,197.5,0.0044
2020,3,27,11,183,44,36,36,71,0.000,0.340,0,12,25,188,91,1003,46,35,31,0.294,0.443,43,337.2,289.4,41.6,341.9,243.1,-40.4,265.4,0.0073
2020,3,27,12,184,43,34,36,77,0.015,0.356,54,12,27,189,94,1001,44,35,31,0.296,0.443,38,300.5,300.3,36.4,343.5,220.8,-42.2,201.4,0.0065
2020,3,27,13,185,42,33,37,83,0.015,0.371,53,13,29,189,96,1000,42,35,31,0.297,0.443,32,263.7,311.2,31.1,345.1,198.6,-43.9,137.5,0.0057
2020,3,27,14,186,40,31,37,89,0.015,0.387,53,13,31,190,99,998,40,35,31,0.299,0.443,26,226.9,322.1,25.9,346.8,176.3,-45.7,73.5,0.0049
2020,3,27,15,187,40,32,38,89,0.015,0.401,53,12,30,204,99,998,40,35,31,0.301,0.443,26,165.4,324.5,18.6,343.3,128.0,-38.8,64.3,0.0038
2020,3,27,16,188,41,33,38,90,0.015,0.416,53,11,29,218,99,997,40,35,31,0.303,0.443,25,103.9,326.9,11.3,339.9,79.6,-31.9,55.0,0.0026
2020,3,27,17,189,41,34,38,91,0.015,0.431,52,10,28,231,100,997,40,35,31,0.305,0.443,25,42.4,329.3,4.0,336.4,31.3,-24.9,45.8,0.0015
2020,3,27,18,190,41,34,38,90,0.000,0.431,0,10,28,250,90,997,40,35,31,0.304,0.443,46,39.5,319.0,4.3,336.2,18.0,-25.3,42.3,0.0012
2020,3,27,19,191,41,34,38,89,0.000,0.431,0,10,28,268,81,998,39,35,31,0.303,0.443,62,36.5,308.8,4.6,336.0,4.7,-25.7,38.8,0.0010
2020,3,27,20,192,41,34,37,88,0.000,0.431,0,9,29,286,72,998,39,35,31,0.302,0.443,75,33.6,298.5,4.9,335.8,-8.5,-26.0,35.3,0.0008
2020,3,27,21,193,37,30,33,83,0.000,0.431,0,10,31,293,48,999,36,35,31,0.301,0.443,93,22.4,275.3,3.3,329.3,-34.9,-13.1,52.0,0.0001
2020,3,27,22,194,34,26,28,79,0.000,0.431,0,10,32,299,25,1001,32,35,31,0.300,0.443,99,11.2,252.0,1.6,322.9,-61.3,-0.2,68.7,0.0000
2020,3,27,23,195,31,22,24,74,0.000,0.431,0,11,34,305,1,1002,29,35,31,0.300,0.443,99,0.0,228.8,0.0,316.5,-87.7,12.7,85.5,0.0000
2020,3,28,0,196,30,21,23,75,0.000,0.431,0,10,32,306,1,1003,28,35,31,0.299,0.443,99,0.0,222.3,0.0,311.0,-88.7,23.2,77.5,0.0000
2020,3,28,1,197,28,20,22,76,0.000,0.431,0,9,30,306,0,1003,27,35,31,0.298,0.443,99,0.0,215.8,0.0,305.5,-89.7,33.6,69.6,0.0000
2020,3,28,2,198,27,19,21,76,0.000,0.431,0,8,28,307,0,1004,25,35,31,0.298,0.443,100,0.0,209.2,0.0,300.0,-90.8,44.0,61.6,0.0000
2020,3,28,3,199,27,18,20,75,0.000,0.431,0,9,27,304,0,1005,25,35,31,0.298,0.443,100,0.0,207.5,0.0,298.2,-90.7,48.3,66.1,0.0000
2020,3,28,4,200,26,18,19,73,0.000,0.431,0,9,26,301,0,1006,25,35,31,0.297,0.443,100,0.0,205.7,0.0,296.4,-90.7,52.5,70.6,0.0000
2020,3,28,5,201,26,17,18,72,0.000,0.431,0,9,25,298,0,1007,25,35,31,0.297,0.443,100,0.0,204.0,0.0,294.6,-90.6,56.8,75.1,0.0000
2020,3,28,6,202,27,18,18,67,0.000,0.431,0,9,23,303,0,1008,26,35,31,0.297,0.443,100,21.0,202.8,3.8,294.9,-74.9,56.1,112.1,0.0000
2020,3,28,7,203,28,19,17,63,0.000,0.431,0,9,21,308,0,1009,28,35,31,0.297,0.442,100,42.0,201.7,7.6,295.2,-59.2,55.5,149.0,0.0000
2020,3,28,8,204,29,20,16,59,0.000,0.431,0,9,20,312,0,1010,30,35,31,0.297,0.442,100,63.1,200.5,11.4,295.6,-43.4,54.8,185.9,0.0000
2020,3,28,9,205,32,23,17,53,0.000,0.431,0,9,17,312,0,1010,35,35,31,0.297,0.442,100,222.0,202.8,30.7,305.6,88.5,30.9,273.5,0.0023
2020,3,28,10,206,35,27,17,47,0.000,0.431,0,8,15,312,0,1011,40,35,31,0.296,0.442,100,381.0,205.1,49.9,315.7,220.5,7.1,361.2,0.0054
2020,3,28,11,207,38,30,17,42,0.000,0.431,0,8,13,312,0,1011,44,35,31,0.296,0.441,100,540.0,207.5,69.1,325.8,352.5,-16.8,448.8,0.0089
2020,3,28,12,208,40,33,17,39,0.000,0.431,0,7,12,315,3,1011,47,35,31,0.295,0.441,99,629.8,212.6,75.1,335.8,431.5,-37.3,483.4,0.0115
2020,3,28,13,209,42,35,18,37,0.000,0.431,0,7,12,318,7,1011,49,35,31,0.294,0.441,99,719.6,217.8,81.1,345.7,510.6,-57.7,518.0,0.0143
2020,3,28,14,210,45,38,18,34,0.000,0.431,0,7,11,321,11,1011,51,35,31,0.293,0.441,99,809.5,223.0,87.1,355.6,589.7,-78.1,552.6,0.0173
2020,3,28,15,211,45,38,19,35,0.000,0.431,0,6,10,327,17,1011,49,35,31,0.291,0.441,99,731.4,226.5,81.2,356.2,520.4,-77.1,466.1,0.0157
2020,3,28,16,212,44,38,20,36,0.000,0.431,0,6,10,332,22,1011,47,35,31,0.289,0.441,99,653.3,230.1,75.3,356.9,451.2,-76.1,379.6,0.0141
2020,3,28,17,213,44,38,20,37,0.000,0.431,0,5,9,338,28,1011,45,35,31,0.288,0.441,98,575.2,233.6,69.4,357.5,381.9,-75.2,293.2,0.0125
2020,3,28,18,214,41,35,20,44,0.000,0.431,0,4,7,234,49,1011,41,34,31,0.287,0.441,93,410.4,238.9,50.1,346.8,252.5,-52.7,203.8,0.0082
2020,3,28,19,215,37,32,20,51,0.000,0.431,0,3,4,130,70,1012,36,34,31,0.287,0.441,77,245.7,244.2,30.7,336.1,123.0,-30.2,114.5,0.0045
2020,3,28,20,216,34,30,21,58,0.000,0.431,0,1,2,26,91,1012,31,34,31,0.287,0.441,45,81.0,249.5,11.4,325.5,-6.4,-7.7,25.2,0.0013
2020,3,28,21,217,33,28,20,59,0.000,0.431,0,2,3,37,94,1013,31,34,31,0.286,0.441,39,54.0,251.7,7.6,320.2,-22.1,2.0,28.1,0.0008
2020,3,28,22,218,32,27,20,60,0.000,0.431,0,2,3,49,97,1013,30,34,31,0.286,0.441,32,27.0,253.8,3.8,314.8,-37.8,11.6,31.0,0.0003
2020,3,28,23,219,31,26,20,62,0.000,0.431,0,3,4,60,100,1014,30,34,31,0.286,0.440,25,0.0,256.0,0.0,309.5,-53.5,21.3,33.9,0.0000
2020,3,29,0,220,31,26,20,62,0.000,0.431,0,3,4,59,100,1014,29,34,31,0.285,0.440,25,0.0,258.7,0.0,309.2,-50.4,22.3,33.4,0.0000
2020,3,29,1,221,31,26,20,63,0.000,0.431,0,3,4,59,100,1014,29,34,31,0.285,0.440,25,0.0,261.5,0.0,308.8,-47.3,23.3,33.0,0.0000
2020,3,29,2,222,30,25,19,63,0.000,0.431,0,2,4,58,100,1014,29,34,31,0.285,0.440,25,0.0,264.3,0.0,308.5,-44.2,24.3,32.5,0.0000
2020,3,29,3,223,30,25,19,63,0.003,0.434,0,2,5,53,100,1014,29,34,31,0.285,0.440,25,0.0,270.3,0.0,309.0,-38.7,23.2,34.1,0.0000
2020,3,29,4,224,31,25,19,63,0.003,0.438,0,3,6,48,100,1014,30,34,31,0.285,0.440,25,0.0,276.3,0.0,309.5,-33.2,22.2,35.8,0.0000
2020,3,29,5,225,31,26,19,63,0.003,0.441,0,3,7,43,100,1015,30,34,31,0.285,0.439,25,0.0,282.4,0.0,310.0,-27.6,21.1,37.4,0.0000
2020,3,29,6,226,31,26,20,61,0.003,0.444,0,4,9,42,100,1015,31,34,31,0.285,0.439,25,11.8,282.8,1.3,310.7,-17.4,19.3,70.7,0.0000
2020,3,29,7,227,32,26,20,60,0.003,0.447,0,5,11,41,100,1016,33,34,31,0.285,0.439,25,23.7,283.1,2.7,311.3,-7.2,17.4,104.0,0.0007
2020,3,29,8,228,33,27,20,59,0.003,0.450,0,6,13,41,100,1016,34,34,31,0.285,0.439,25,35.5,283.5,4.0,312.0,3.0,15.6,137.4,0.0010
2020,3,29,9,229,36,30,21,54,0.000,0.450,0,5,12,37,100,1017,38,34,31,0.284,0.439,25,130.7,284.3,15.2,319.4,80.4,0.4,214.6,0.0029
2020,3,29,10,230,38,33,22,50,0.000,0.450,0,5,10,34,100,1017,42,34,31,0.284,0.439,25,225.9,285.0,26.4,326.9,157.7,-14.8,291.9,0.0050
2020,3,29,11,231,41,36,22,46,0.000,0.450,0,5,8,31,100,1018,46,34,31,0.284,0.438,25,321.1,285.8,37.6,334.3,235.0,-29.9,369.1,0.0074
2020,3,29,12,232,43,37,23,44,0.000,0.450,0,5,9,25,97,1018,48,34,31,0.282,0.438,31,448.6,277.8,50.9,343.7,331.8,-48.2,414.0,0.0102
2020,3,29,13,233,45,39,24,42,0.000,0.450,0,5,9,18,94,1018,50,34,31,0.281,0.438,37,576.1,269.9,64.1,353.2,428.7,-66.4,458.9,0.0133
2020,3,29,14,234,47,41,25,41,0.000,0.450,0,6,9,12,92,1018,52,34,31,0.280,0.438,43,703.6,261.9,77.4,362.6,525.5,-84.6,503.8,0.0165
2020,3,29,15,235,47,41,25,41,0.000,0.450,0,6,10,12,73,1018,51,35,31,0.279,0.438,73,656.4,257.1,73.9,362.8,476.7,-85.3,437.0,0.0154
2020,3,29,16,236,47,41,25,41,0.000,0.450,0,6,10,12,55,1018,49,36,31,0.277,0.438,89,609.1,252.2,70.3,363.1,427.9,-86.0,370.2,0.0143
2020,3,29,17,237,47,41,25,41,0.000,0.450,0,6,10,12,37,1018,48,37,31,0.276,0.438,97,561.9,247.3,66.8,363.3,379.1,-86.7,303.4,0.0132
2020,3,29,18,238,43,38,25,49,0.000,0.450,0,5,8,13,24,1019,43,37,31,0.275,0.438,99,406.1,242.9,50.0,352.7,246.2,-60.1,211.5,0.0084
2020,3,29,19,239,39,34,25,57,0.000,0.450,0,4,6,14,12,1020,37,37,31,0.275,0.438,99,250.2,238.5,33.3,342.2,113.3,-33.5,119.6,0.0043
2020,3,29,20,240,35,30,25,65,0.000,0.450,0,3,5,15,0,1021,32,37,31,0.274,0.438,100,94.4,234.1,16.5,331.7,-19.7,-6.9,27.7,0.0008

--- Abbreviation Key ---
yyyy = Year
mm = Month
dd = Day
hh = Hour of Day (EDT)
fh = Forecast Hour (0-240)
t2 = Temperature at 2 meters (deg F)
apt2 = Apparent Temperature at 2 meters (deg F)
dpt2 = Dewpoint Temperature at 2 meters (deg F)
rh2 = Relative Humidity at 2 meters (%)
prcp = Precipitation (in)
aprcp = Accumulated Precipitation (in)
pop = Probability of Precipitation (%)
ws10 = Wind Speed at 10 meters (mi/h)
gust = Gust at 10 meters (mi/h)
wdir = Wind Direction (Degree True)
tcld = Total Cloud Cover (%)
pres = Surface Pressure (hPa)
ts = Surface Temperature (deg F)
soilt_2in = Soil Temperature at 2 inches (deg F)
soilt_10in = Soil Temperature at 10 inches (deg F)
soilw_2in = Volumetric Soil Moisture Content at 2 inches (Fraction)
soilw_10in = Volumetric Soil Moisture Content at 10 inches (Fraction)
solar_pct = Solar Radiation (%)
dswrf = Surface Downward Short-Wave Radiation Flux (W m-2)
dlwrf = Surface Downward Long-Wave Radiation Flux (W m-2)
uswrf = Surface Upward Short-Wave Radiation Flux (W m-2)
ulwrf = Surface Upward Long-Wave Radiation Flux (W m-2)
netrad = Net Surface Radiation Flux (W m-2)
gflux = Ground Heat Flux (W m-2)
pevap = Potential Evaporation Rate (W m-2)
et0 = Evapotranspiration (in/h)
